radius,silhouette,davies_bouldin,calinski_harabasz
0.1,0.05480320855304026,2.6743967906685557,365.7012282736229
0.25,0.05870583573503235,2.6288227365321646,383.1518567630862
0.5,0.06760929327581641,2.5498199457759467,422.4463069114715
0.75,0.08239367783264541,2.3424441729512706,497.92861040478545
1.0,0.09512463566023394,2.172302872671685,579.7022336536738
1.5,0.11355496953791602,2.151526014135842,678.6506848880822
2.0,0.1278949832974516,2.1742736600621053,732.4541711414263
