0.0,Kick,p,u
0.406349206,Kick,p,u
0.827210884,Kick,p,u
1.291609977,Kick,p,u
1.703764172,Kick,p,u
1.918367346,HH,ts,x
2.122448979,Kick,p,u
2.371428571,HH,ts,x
2.53877551,Snare,t,a
2.963265306,Snare,t,a
3.371428571,Snare,t,a
3.8,Snare,t,a
4.228571428,Snare,t,a
4.669387755,Snare,t,a
5.061224489,Kick,p,u
5.302040816,HH,ts,x
5.481632653,Kick,p,u
5.75510204,HH,ts,x
5.959183673,Snare,t,a
