0,Kick,p,u
0.228571428,Kick,p,u
0.428571428,Kick,p,u
0.624489795,HH,ts,x
0.844897959,Snare,t,a
1.669387755,Kick,p,u
1.91632653,HH,ts,x
2.087755102,Snare,t,a
2.471428571,Snare,t,a
3.363265306,Kick,p,u
3.573469387,HH,ts,x
3.810204081,Snare,p,a
4.224489795,Snare,t,a
5.14031746,Kick,p,u
5.555374149,Kick,p,u
5.979138321,Kick,p,u
