0,Kick,p,h
0.293877551,HH,ts,x
0.683673469,Snare,t,a
1.008163265,HH,ts,x
1.334693877,Kick,p,u
1.624489795,Kick,p,u
1.985714285,Snare,t,a
2.271428571,HH,ts,x
2.620408163,Kick,p,h
2.967346938,HH,ts,x
3.300136054,Snare,t,a
3.601995464,HH,ts,x
3.924172335,Kick,p,u
4.197006802,HH,ts,x
4.574331065,Snare,t,a
4.9,HH,ts,x
5.218367346,Kick,p,u
5.514285714,HH,ts,x
5.91632653,Snare,t,a
6.2,HH,ts,x
6.526530612,Kick,p,u
6.800544217,Kick,p,u
