0.0,Kick,p,u
0.333786848,Kick,p,u
0.682086167,Kick,p,u
1.073922902,Kick,p,u
2.01632653,HH,ts,x
2.351020408,HH,ts,x
2.685714285,HH,ts,x
3.012244897,HH,ts,x
3.346938775,HH,ts,x
4.234739229,Snare,t,a
4.57723356,Snare,t,a
4.896507936,Snare,t,a
5.230294784,Snare,t,a
