0.0,Snare,t,a
0.28154195,HH,ts,x
0.47600907,Kick,p,u
0.722721088,HH,ts,x
1.58185941,Snare,t,a
2.036734693,Kick,p,u
2.27755102,HH,ts,x
3.004081632,Kick,p,u
3.220408163,HH,ts,x
3.459773242,Snare,t,a
3.828571428,Kick,p,u
4.061224489,HH,ts,x
4.285714285,Snare,t,a
4.665306122,Kick,p,u
4.906122448,HH,ts,x
5.081632653,Snare,t,a
6.35510204,Kick,p,u
6.575510204,HH,ts,x
