0.0,Snare,t,a
0.380226757,Snare,t,a
0.821405895,Kick,p,u
1.686349206,Snare,t,a
2.120408163,Snare,t,a
2.57755102,Kick,p,u
3.393877551,Snare,t,a
3.853061224,Snare,t,a
4.291836734,Kick,p,u
5.11632653,Snare,t,a
5.559183673,Snare,t,a
5.987755102,Kick,p,u
