0,Kick,p,u
0.484716553,Snare,t,a
0.954081632,Kick,p,u
1.392857142,HH,t,x
1.834376417,Kick,p,u
2.269750566,Snare,t,a
2.658684807,Kick,p,u
3.069387755,Snare,t,a
3.5,Kick,p,u
3.91632653,Snare,t,a
4.314285714,Kick,p,u
4.777505668,Kick,p,u
5.171428571,Snare,t,a
5.575510204,Kick,p,u
5.977687074,Snare,t,a
6.436281179,Kick,p,u
