0.0,Kick,p,u
0.136417233,HH,ts,x
0.387482993,Kick,p,u
0.550022675,HH,ts,x
0.75755102,Snare,t,a
1.172607709,Snare,t,a
1.599274376,Snare,t,a
2.034648526,Snare,t,a
2.452607709,Snare,t,a
2.853151927,Snare,t,a
3.39446712,Kick,p,u
3.585714285,HH,ts,x
3.812244897,Kick,p,u
4.006122448,HH,ts,x
4.222448979,Snare,t,a
4.602040816,Snare,t,a
5.063265306,Kick,p,u
5.282993197,HH,ts,x
5.47755102,Kick,p,u
5.693877551,HH,ts,x
5.910204081,Snare,t,a
6.304081632,Snare,t,a
