0.0,Snare,t,a
0.400544217,Snare,t,a
0.806893424,Kick,p,u
1.131972789,HH,ts,x
1.663265306,Snare,t,a
2.113265306,Snare,t,a
2.444897959,Kick,p,u
2.870997732,HH,ts,x
3.332653061,Snare,t,a
4.165306122,Kick,p,u
4.565306122,HH,ts,x
5.037755102,Kick,p,u
5.342857142,HH,ts,x
5.523446712,Kick,p,u
5.767256235,HH,ts,x
5.96,Snare,t,a
