0,Snare,t,a
0.393877551,Snare,t,a
0.828571428,Kick,p,u
1.079591836,HH,ts,x
1.718367346,Kick,p,u
1.922448979,HH,ts,x
2.13877551,Kick,p,u
2.344897959,HH,ts,x
2.565306122,Kick,p,u
2.773469387,HH,ts,x
2.983673469,Kick,p,u
3.187755102,HH,ts,x
3.412244897,Snare,t,a
4.268367346,Kick,p,u
4.492857142,HH,ts,x
4.706122448,Kick,p,u
4.898979591,HH,ts,x
5.111292517,Snare,t,ʊ
5.579591836,Kick,p,u
5.787755102,HH,ts,x
