0,Kick,p,u
0.190113378,Kick,p,x
0.279002267,HH,t,x
0.373469387,Kick,p,u
0.606122448,Kick,p,u
0.831564625,Snare,p,a
1.702312925,Kick,p,u
1.889523809,Kick,p,x
1.957732426,HH,t,x
2.05786848,Kick,p,u
2.30893424,Kick,p,u
2.543990929,Snare,p,a
3.471383219,Kick,p,u
3.683265306,Kick,p,x
3.771791383,HH,t,x
3.895147392,Kick,p,u
4.092517006,Kick,p,u
4.318004535,Snare,p,a
5.241904761,Kick,p,u
5.445079365,Kick,p,x
5.520544217,HH,t,x
5.649705215,Kick,p,u
5.865941043,Kick,p,u
6.079274376,Snare,p,a
