0,Snare,t,a
0.424489795,Snare,t,a
0.856235827,Snare,t,a
1.306122448,Snare,t,a
1.705215419,Snare,t,a
2.156553287,Snare,t,a
2.564353741,Kick,p,u
2.75446712,HH,ts,x
2.954739229,Kick,p,u
3.175328798,HH,ts,x
3.391564625,Snare,t,a
3.810975056,Snare,t,a
4.243446712,Snare,t,a
4.671564625,Snare,t,a
5.050340136,Kick,p,u
5.298503401,HH,ts,x
5.337687074,Kick,p,x
5.432993197,Kick,p,u
5.729523809,Kick,p,u
5.945759637,Kick,p,u
6.154739229,HH,ts,x
6.279546485,Kick,p,u
6.587210884,Kick,p,u
