0,Kick,p,u
0.325079365,HH,ts,x
0.925895691,HH,ts,x
1.137777777,HH,s,x
1.51510204,Kick,p,u
1.872108843,HH,ts,x
2.429387755,HH,ts,x
2.644172335,Kick,p,u
3.024399092,HH,ts,x
3.427845804,Kick,p,u
3.755827664,HH,ts,x
4.35664399,HH,ts,x
4.571428571,HH,s,x
4.951655328,Kick,p,u
5.302857142,HH,ts,x
5.848526077,HH,ts,x
6.07201814,Kick,p,u
6.46095238,HH,ts,x
