0.0,Snare,p,a
1.261224489,Kick,p,u
1.446938775,HH,ts,x
1.691836734,Snare,p,a
2.548979591,HH,ts,x
3.420408163,Snare,p,a
3.857142857,Snare,p,a
4.648979591,Kick,p,u
4.869387755,HH,ts,x
5.073469387,Kick,p,u
5.31632653,HH,ts,x
